feedback_id,customer_id,customer_name,email,country,city,customer_segment,plan_tier,account_tenure_months,channel,source_reference,submitted_at,rating,nps_score,device,os,app_version,raw_text
FB-00275,CUST-10336,Samuel Onyeama,samuel.onyeama87@gmail.com,Nigeria,Kano,Premium,Premium,48,Customer Interview,INT-460,2026-04-01 00:22:10,,,Redmi Note 11,Android,4.10.3,"Interviewer note: Participant (Premium, 48 months) said: ""Bad app."""
FB-00533,CUST-10366,Tunde Kamau,,Nigeria,Benin City,Retail,Basic,4,Email,EML-124647,2026-04-01 02:34:30,,,Redmi Note 11,Android,4.11.2,"Hello PayNest Team, Please help. I opened a dispute for a wrong merchant charge 3 days ago and I still have no refund or update. I would appreciate a prompt resolution. Regards, Tunde Kamau"
FB-00159,CUST-10275,Ejiro Abubakar,ejiro.abubakar6@gmail.com,Nigeria,Lagos,Retail,Basic,48,Google Play Review,REV-544692,2026-04-01 18:42:03,5,,iPhone 14,iOS,4.11.2,"Love the app, transfers are usually fast and the interface is clean. Keep it up!"
FB-00183,CUST-10023,Emeka Oyelaran,emeka.oyelaran56@outlook.com,Kenya,Nairobi,Retail,Basic,14,App Store Review,REV-432731,2026-04-01 23:09:33,1,,Tecno Spark 10,Android,4.11.2,"the dispute process is a black box. i can't see any status, only 'under investigation'."
FB-00047,CUST-10404,Michael Ogunleye,michael.ogunleye53@proton.me,Nigeria,Lagos,Retail,Plus,8,Support Ticket,ZD-57124,2026-04-02 06:43:57,,,Redmi Note 11,Android,4.11.2,"Subject: Approved loan not disbursed | Priority: High | Description: Honestly I am tired. My loan was approved 10 days ago and the money has not been disbursed. The app still shows 'processing'."
FB-00030,CUST-10332,Halima Ikpe,halima.ikpe14@yahoo.com,Ghana,Kumasi,Retail,Basic,1,NPS Survey,SUR-43631,2026-04-02 14:01:54,2,3,Samsung S22,Android,4.11.2,"Q: What is the main reason for your score? A: Refund for a cancelled order still hasn't come back to my wallet after 4 days."
FB-00541,CUST-10200,Abena Owusu,abena.owusu78@proton.me,Nigeria,Lagos,Student,Basic,14,App Store Review,REV-940145,2026-04-03 00:21:22,1,,Pixel 6,Android,4.9.2,"I opened a dispute for a wrong merchant charge 5 days ago and I still have no refund or update."
FB-00283,CUST-10207,@david98,david.bello88@outlook.com,Nigeria,Port Harcourt,SME,Business,36,X (Twitter),TW-9771852156,2026-04-03 12:02:56,,,Samsung A14,Android,4.10.0,"@PayNestApp My loan was approved 7 days ago and the money has not been disbursed. The app still shows 'processing'. #Fintech"
FB-00078,CUST-10305,Grace Musa,grace.musa80@proton.me,Nigeria,Lagos,Retail,Plus,8,NPS Survey,SUR-77013,2026-04-03 22:25:34,3,6,Samsung S22,Android,4.10.0,"Q: What is the main reason for your score? A: I am not happy with the service."
FB-00800,CUST-10376,Ibrahim Nwosu,,Nigeria,Abuja,Retail,Basic,2,Support Ticket,ZD-61665,2026-04-04 15:35:39,,,iPhone 12,iOS,4.11.2,"Subject: OTP not received during login | Priority: Urgent | Description: Honestly I am tired. Cannot log in because the SMS code is not delivered. I have tried on MTN and Airtel lines."
FB-00354,CUST-10325,Yetunde Alabo,yetunde.alabo89@yahoo.com,Nigeria,Lagos,Retail,Basic,12,Email,EML-800133,2026-04-04 21:33:42,,,iPhone 12,iOS,4.10.0,"Hello PayNest Team, This is really frustrating. The live chat says an agent will join shortly. I waited 30 minutes and it timed out. I would appreciate a prompt resolution. Regards, Yetunde Alabo"
FB-00610,CUST-10239,Ogaga Adebayo,ogaga.adebayo16@mail.com,Nigeria,Port Harcourt,Retail,Basic,12,Support Ticket,ZD-66554,2026-04-05 17:24:19,,,Redmi Note 11,Android,4.11.2,"Subject: KYC verification pending for too long | Priority: Low | Description: Honestly I am tired. I submitted my NIN and selfie 4 days ago and my account is still under review. I can't do anything with the account."
FB-00807,CUST-10200,Abena Owusu,abena.owusu78@proton.me,Nigeria,Lagos,Student,Basic,14,X (Twitter),DUP-40562,2026-04-06 05:21:22,,,Pixel 6,Android,4.9.2,"Following up again: I opened a dispute for a wrong merchant charge 5 days ago and I still have no refund or update."
FB-00892,CUST-10115,Chidi Eze,chidi.eze44@gmail.com,Nigeria,Enugu,SME,Business,24,Support Ticket,ZD-67890,2026-04-06 09:14:11,,,Samsung A54,Android,4.11.2,"Subject: Bulk staff salary transfer stuck on pending | Priority: High | Description: Sent 25 salaries via business portal. 8 went through, 17 are still marked 'Pending Partner Bank' for over 18 hours."
FB-00912,CUST-10488,Kofi Mensah,kofi.mensah@outlook.com,Ghana,Accra,Retail,Plus,6,Google Play Review,REV-892113,2026-04-06 14:40:22,4,,iPhone 13,iOS,4.11.2,"Ghana cedi to Naira exchange rates are very competitive. Virtual card works on Netflix and Spotify seamlessly."
FB-00945,CUST-10512,Wanjiku Mwangi,wanjiku.m@gmail.com,Kenya,Mombasa,Retail,Basic,3,Support Ticket,ZD-70114,2026-04-07 08:05:40,,,Tecno Camon 20,Android,4.11.2,"Subject: MPesa deposit didn't reflect | Priority: High | Description: M-Pesa confirmed transaction code QK8812 was completed, but balance on PayNext still shows zero after 3 hours."
FB-00977,CUST-10602,Babajide Sanusi,babajide.s@yahoo.com,Nigeria,Ibadan,Retail,Basic,18,Customer Interview,INT-512,2026-04-07 11:30:00,1,1,Infinix Note 12,Android,4.10.3,"Participant stated: Every time there is an app update, biometric fingerprint login stops working and prompts for BVN re-verification."
FB-00999,CUST-10750,Amina Bello,amina.bello@proton.me,Nigeria,Kaduna,Retail,Basic,5,Google Play Review,REV-991204,2026-04-07 19:22:15,5,,Samsung S21,Android,4.11.2,"Instant bill pay for NEPA electricity token worked in 10 seconds. Best fintech app I have used this year."
